﻿{
	"dataLoad": {
		"ServiceRequest": [
			{
				"id": "SR-100021",
				"parentRequestId": "SR-100021",
				"requestType": "SER-REQ-TYP-002",
				"deviceId": "00001238",
				"description": "Scheduling dispatch of technician for repair",
				"startDate": "2018-11-02T10:56:16+0100",
				"endDate": "2018-11-02T10:58:16+0100",
				"statusId": "REQ-STA-001",
				"result": "Scheduled for repair in 2 days",
				"costOfRepair": 1000.0,
				"emergencyRepair": true,
				"personnelId": "Personnel-001",
				"severityId": "SEV-003",
				"customerId": "CUST00001",
				"visitCount": 1,
				"isSLABreached": false,
				"processTypeId": "PRO-TYPE-02",
				"demoId": "GP00001"
			},
			{
				"id": "SR-100022",
				"parentRequestId": "SR-100021",
				"requestType": "SER-REQ-TYP-002",
				"deviceId": "00001238",
				"description": "The root cause of the problem was not identified",
				"startDate": "2018-11-03T10:56:16+0100",
				"endDate": "2018-11-03T10:56:16+0100",
				"statusId": "REQ-STA-001",
				"result": "Rescheduled visit for tomorrow",
				"costOfRepair": 1000.0,
				"emergencyRepair": true,
				"personnelId": "Personnel-001",
				"severityId": "SEV-003",
				"customerId": "CUST00001",
				"visitCount": 1,
				"isSLABreached": false,
				"processTypeId": "PRO-TYPE-02",
				"demoId": "GP00001"
			},
			{
				"id": "SR-100048",
				"parentRequestId": "SR-100048",
				"requestType": "SER-REQ-TYP-002",
				"deviceId": "00001239",
				"description": "Scheduling dispatch of technician for repair",
				"startDate": "2018-11-02T10:56:16+0100",
				"endDate": "2018-11-02T10:58:16+0100",
				"statusId": "REQ-STA-001",
				"result": "Scheduled for repair in 2 days",
				"costOfRepair": 1000.0,
				"emergencyRepair": true,
				"personnelId": "Personnel-001",
				"severityId": "SEV-003",
				"customerId": "CUST00002",
				"visitCount": 1,
				"isSLABreached": false,
				"processTypeId": "PRO-TYPE-02",
				"demoId": "GP00001"
			},
			{
				"id": "SR-100049",
				"parentRequestId": "SR-100048",
				"requestType": "SER-REQ-TYP-002",
				"deviceId": "00001239",
				"description": "The root cause of the problem was not identified",
				"startDate": "2018-11-03T10:56:16+0100",
				"endDate": "2018-11-03T10:56:16+0100",
				"statusId": "REQ-STA-001",
				"result": "Rescheduled visit for tomorrow",
				"costOfRepair": 1000.0,
				"emergencyRepair": true,
				"personnelId": "Personnel-001",
				"severityId": "SEV-003",
				"customerId": "CUST00002",
				"visitCount": 1,
				"isSLABreached": false,
				"processTypeId": "PRO-TYPE-02",
				"demoId": "GP00001"
			},
			{
				"id": "SR-100050",
				"parentRequestId": "SR-100048",
				"requestType": "SER-REQ-TYP-002",
				"deviceId": "00001239",
				"description": "The root cause of the problem still not identified",
				"startDate": "2018-11-04T10:56:01+0100",
				"endDate": "2018-11-04T10:58:11+0100",
				"statusId": "REQ-STA-001",
				"result": "Narrowing down on the issue",
				"costOfRepair": 1000.0,
				"emergencyRepair": true,
				"personnelId": "Personnel-001",
				"severityId": "SEV-003",
				"customerId": "CUST00002",
				"visitCount": 1,
				"isSLABreached": false,
				"processTypeId": "PRO-TYPE-02",
				"demoId": "GP00001"
			},
			{
				"id": "SR-100087",
				"parentRequestId": "SR-100087",
				"requestType": "SER-REQ-TYP-002",
				"deviceId": "00001240",
				"description": "Scheduling dispatch of technician for repair",
				"startDate": "2018-12-24T05:56:16+0100",
				"endDate": "2018-12-24T05:58:16+0100",
				"statusId": "REQ-STA-001",
				"result": "Scheduled for repair in 2 days",
				"costOfRepair": 1000.0,
				"emergencyRepair": true,
				"personnelId": "Personnel-001",
				"severityId": "SEV-003",
				"customerId": "CUST00003",
				"visitCount": 1,
				"isSLABreached": false,
				"processTypeId": "PRO-TYPE-02",
				"demoId": "GP00001"
			},
			{
				"id": "SR-100088",
				"parentRequestId": "SR-100087",
				"requestType": "SER-REQ-TYP-002",
				"deviceId": "00001240",
				"description": "The root cause of the problem still not identified",
				"startDate": "2018-12-25T11:56:01+0100",
				"endDate": "2018-12-25T11:58:11+0100",
				"statusId": "REQ-STA-001",
				"result": "Narrowing down on the issue",
				"costOfRepair": 1000.0,
				"emergencyRepair": true,
				"personnelId": "Personnel-001",
				"severityId": "SEV-003",
				"customerId": "CUST00003",
				"visitCount": 1,
				"isSLABreached": false,
				"processTypeId": "PRO-TYPE-02",
				"demoId": "GP00001"
			},
			{
				"id": "SR-100089",
				"parentRequestId": "SR-100087",
				"requestType": "SER-REQ-TYP-001",
				"deviceId": "00001240",
				"description": "The root cause of the problem identified and fixed",
				"startDate": "2018-12-26T13:16:01+0100",
				"endDate": "2018-12-26T13:18:11+0100",
				"statusId": "REQ-STA-002",
				"result": "The issue is fixed",
				"costOfRepair": 1000.0,
				"emergencyRepair": true,
				"personnelId": "Personnel-001",
				"severityId": "SEV-003",
				"customerId": "CUST00003",
				"visitCount": 1,
				"isSLABreached": false,
				"processTypeId": "PRO-TYPE-02",
				"demoId": "GP00001"
			},
			{
				"id": "SR-100106",
				"parentRequestId": "SR-100106",
				"requestType": "SER-REQ-TYP-002",
				"deviceId": "00001241",
				"description": "Scheduling dispatch of technician for repair",
				"startDate": "2018-11-22T08:56:16+0100",
				"endDate": "2018-11-22T08:58:16+0100",
				"statusId": "REQ-STA-001",
				"result": "Scheduled for repair in 2 days",
				"costOfRepair": 1000.0,
				"emergencyRepair": true,
				"personnelId": "Personnel-001",
				"severityId": "SEV-003",
				"customerId": "CUST00004",
				"visitCount": 1,
				"isSLABreached": false,
				"processTypeId": "PRO-TYPE-02",
				"demoId": "GP00001"
			}
		]
	}
}